1dwr,5184,3,97A,HIS,NE2,

0.746808234499,3.20987510646,1.75619882064,0.509594416176,1.35946037145,6.22247657777,3o89_1027.map,(-2, 1),0,2019A,ALA,CB
1.08949604434,2.91447909693,0.835574631778,1.16499140911,1.81916004796,6.00454118216,3o89_1027.map,(-2, 1),15,2019A,ALA,CB
1.62151463976,2.89028517974,0.411873535462,1.12159631181,1.4503831968,6.04526966678,3o89_1027.map,(-2, 1),30,2019A,ALA,CB
1.79173568945,2.07555580912,0.607758881461,0.650206266948,0.799300520794,5.12525664698,3o89_1027.map,(-2, 1),195,2019A,ALA,CB
1.32862275116,2.32862465275,1.10289160949,0.697006731699,0.550421274993,5.45714574511,3o89_1027.map,(-2, 1),210,2019A,ALA,CB
1.31660409736,3.26186842633,0.614190422105,0.385720404919,0.573416335839,5.57838335072,3o89_1027.map,(-2, 1),330,2019A,ALA,CB
1.84013658338,3.60559001008,1.40920972866,0.739649721177,0.914165918979,7.5945860433,3o89_1027.map,(-2, 1),345,2019A,ALA,CB
0.854642251757,4.23958828091,0.752692650647,0.766739061162,1.35946037145,6.61366224448,3o89_1027.map,(-2, 2),0,2019A,ALA,CB
1.7633786584,3.05998679064,0.470712769108,1.75523107065,1.81916004796,7.0493092888,3o89_1027.map,(-2, 2),15,2019A,ALA,CB
1.58503608964,2.99432322903,0.254130895094,0.433371558643,0.642759060293,5.2668617724,3o89_1027.map,(-2, 2),75,2019A,ALA,CB
1.454373963,3.13474694677,0.305976165629,0.275631907881,0.814708846763,5.17072898328,3o89_1027.map,(-2, 2),90,2019A,ALA,CB
1.93726041844,2.82549488214,0.306813073368,0.210007014815,1.57203078576,5.27957538876,3o89_1027.map,(-2, 2),105,2019A,ALA,CB
2.1779892473,2.62971517766,0.334183848851,0.300656597573,1.69957069853,5.44254487139,3o89_1027.map,(-2, 2),135,2019A,ALA,CB
1.75513602228,2.56478310581,0.505531261388,0.855260993996,0.799300520794,5.68071138347,3o89_1027.map,(-2, 2),195,2019A,ALA,CB
2.24080556344,2.72311787931,1.19188414728,0.582806154487,0.550421274993,6.73861374452,3o89_1027.map,(-2, 2),210,2019A,ALA,CB
2.11461477993,2.14491933712,1.64422165112,0.464083234819,0.450135426054,6.36783900299,3o89_1027.map,(-2, 2),225,2019A,ALA,CB
2.09831520004,3.99935495921,0.351323655839,0.48458355464,0.68428855566,6.93357736972,3o89_1027.map,(-2, 2),315,2019A,ALA,CB
1.16373971834,5.02301572809,0.554309465371,0.728282550308,0.573416335839,7.46934746211,3o89_1027.map,(-2, 2),330,2019A,ALA,CB
1.2850048085,4.17517438954,0.963894971061,1.02196805246,0.914165918979,7.44604222156,3o89_1027.map,(-2, 2),345,2019A,ALA,CB
0.826792440187,2.0425542838,1.82993037888,0.334392221913,0.68428855566,5.03366932478,3o89_1027.map,(-1, 0),315,2019A,ALA,CB
1.06560592666,2.14419495299,1.74666996045,0.45875212521,0.573416335839,5.41522296531,3o89_1027.map,(-1, 0),330,2019A,ALA,CB
1.37840134375,2.38759875413,1.51340448635,0.80521156216,0.914165918979,6.08461614638,3o89_1027.map,(-1, 0),345,2019A,ALA,CB
1.22264773789,2.37846888732,0.395645823798,1.85149107594,1.81916004796,5.84825352494,3o89_1027.map,(-1, 1),15,2019A,ALA,CB
1.28396324203,1.79636179087,0.274323782693,1.76215320451,1.4503831968,5.11680202011,3o89_1027.map,(-1, 1),30,2019A,ALA,CB
0.606092801351,3.38374016085,0.574536751901,0.660396536976,0.68428855566,5.22476625108,3o89_1027.map,(-1, 1),315,2019A,ALA,CB
0.889664586131,2.55495405461,1.33954166371,1.06579740249,0.573416335839,5.84995770694,3o89_1027.map,(-1, 1),330,2019A,ALA,CB
1.70723480575,3.45076899601,1.28529023388,1.43977520416,0.914165918979,7.88306923981,3o89_1027.map,(-1, 1),345,2019A,ALA,CB
1.40049262052,2.12796378687,0.509301872374,1.49882771062,1.81916004796,5.53658599039,3o89_1027.map,(-1, 2),15,2019A,ALA,CB
1.37805414285,3.25832132555,0.559218448115,0.420881482739,0.642759060293,5.61647539925,3o89_1027.map,(-1, 2),75,2019A,ALA,CB
1.42696180951,3.61143613662,0.575778683631,0.40223418406,0.814708846763,6.01641081382,3o89_1027.map,(-1, 2),90,2019A,ALA,CB
1.5870993032,2.8730598316,0.528853267329,0.409861723705,1.57203078576,5.39887412583,3o89_1027.map,(-1, 2),105,2019A,ALA,CB
2.23787879717,3.14205800504,0.655748631564,0.505186912424,1.69957069853,6.5408723462,3o89_1027.map,(-1, 2),135,2019A,ALA,CB
2.13133139569,2.3788126543,0.667303452351,0.595187278496,1.94368255314,5.77263478084,3o89_1027.map,(-1, 2),150,2019A,ALA,CB
1.5846999276,2.54935059412,0.569354289236,0.973801130479,1.64901973702,5.67720594143,3o89_1027.map,(-1, 2),165,2019A,ALA,CB
1.29538890134,2.66135857955,0.704036676829,0.889554677811,0.799300520794,5.55033883553,3o89_1027.map,(-1, 2),195,2019A,ALA,CB
1.1157818066,2.94387634059,0.845549484667,0.64686053593,0.550421274993,5.55206816778,3o89_1027.map,(-1, 2),210,2019A,ALA,CB
1.04544673592,2.76173936046,1.19775046274,0.633366073731,0.450135426054,5.63830263285,3o89_1027.map,(-1, 2),225,2019A,ALA,CB
1.62273516053,2.10933844475,1.56183480028,0.798316818594,0.419671127497,6.09222522415,3o89_1027.map,(-1, 2),255,2019A,ALA,CB
0.747382108449,3.50689368868,0.685362589755,1.74319835403,0.68428855566,6.68283674092,3o89_1027.map,(-1, 2),315,2019A,ALA,CB
0.789208360401,3.54043795714,0.847345697678,2.07577861578,0.573416335839,7.25277063099,3o89_1027.map,(-1, 2),330,2019A,ALA,CB
1.4546698436,2.90343219066,0.72210557374,2.16078909026,0.914165918979,7.24099669827,3o89_1027.map,(-1, 2),345,2019A,ALA,CB
1.85630572075,2.3955021297,0.503562053631,0.349709047885,1.94368255314,5.10507895197,3o89_1027.map,(0, -2),150,2019A,ALA,CB
2.1182612689,2.65856557129,0.471436891272,0.313701140079,1.64901973702,5.56196487155,3o89_1027.map,(0, -2),165,2019A,ALA,CB
0.502683087002,1.70923167603,2.26368136419,0.714016592298,0.650985463813,5.18961271952,3o89_1027.map,(0, -2),285,2019A,ALA,CB
2.34457081493,0.899750655576,0.843390366266,1.11158906468,0.814708846763,5.19930090145,3o89_1027.map,(0, -1),90,2019A,ALA,CB
1.72578073094,1.52832052277,0.528535248117,1.30148043366,1.57203078576,5.08411693548,3o89_1027.map,(0, -1),105,2019A,ALA,CB
0.924037550319,2.68955765012,1.6360402968,0.466710526479,0.68428855566,5.71634602371,3o89_1027.map,(0, -1),315,2019A,ALA,CB
